﻿<?xml version="1.0" encoding="utf-8" ?>
<hibernate-mapping xmlns="urn:nhibernate-mapping-2.2"
    namespace="NHibernateExamples.Model" assembly="NHibernateExamples">

  <class name="User" table="DefectUser">

    <id name="UserId">
      <generator class="identity" />
    </id>

    <property name="Name" />
    <property name="UserType" />
  </class>

  <class name="Project">

    <id name="ProjectId">
      <generator class="identity" />
    </id>

    <property name="Name" />
  </class>

  <class name="Defect">

    <id name="ID">
      <column name="DefectID"/>
      <generator class="identity" />
    </id>

    <property name="Summary" />
    <property name="Severity" />
    <property name="Status" />
    <property name="Created" />
    <property name="LastModified" />
    <many-to-one name="CreatedBy" column="CreatedByUserID" />
    <many-to-one name="AssignedTo" column="AssignedToUserID" />
    <many-to-one name="Project" column="ProjectID" />
  </class>

  <class name="NotificationSubscription">
    <id name="NotificationSubscriptionID">
      <generator class="identity" />
    </id>
    <property name="EmailAddress" />
    <many-to-one name="Project" column="ProjectID" />    
  </class>

</hibernate-mapping>